numero,titulo,descripcion,precio,categoria,imagen_url,imagen_local,link
1,Noche de hospedaje,,Aporte libre,Luna de Miel,https://sinenvolturas.com/_next/image?url=https%3A%2F%2Fapi.sinenvolturas.com%2Fimages%2Fgifts%2F6971832265e2b.jpg&w=640&q=75,imagenes_regalos/regalo_001.jpg,
2,Wedding planner,,Aporte libre,El gran día,https://sinenvolturas.com/_next/image?url=https%3A%2F%2Fapi.sinenvolturas.com%2Fimages%2Fgifts%2F6974c64f5e17e.jpg&w=640&q=75,imagenes_regalos/regalo_002.jpg,
3,Aros,,Aporte libre,El gran día,https://sinenvolturas.com/_next/image?url=https%3A%2F%2Fapi.sinenvolturas.com%2Fimages%2Fgifts%2F6974c68206d48.jpg&w=640&q=75,imagenes_regalos/regalo_003.jpg,
4,Fotos & videos,,Aporte libre,El gran día,https://sinenvolturas.com/_next/image?url=https%3A%2F%2Fapi.sinenvolturas.com%2Fimages%2Fgifts%2F6974c66dc1563.jpg&w=640&q=75,imagenes_regalos/regalo_004.jpg,
5,Cesto Ropa,,S/ 139.00,Nuestro hogar,https://sinenvolturas.com/_next/image?url=https%3A%2F%2Fapi.sinenvolturas.com%2Fimages%2Fgifts%2F69717e7fbde04.jpg&w=640&q=75,imagenes_regalos/regalo_005.jpg,
6,Set de bowls KitchenAid,,S/ 149.00,Nuestro hogar,https://sinenvolturas.com/_next/image?url=https%3A%2F%2Fapi.sinenvolturas.com%2Fimages%2Fgifts%2F69717eaecbfbb.jpg&w=640&q=75,imagenes_regalos/regalo_006.jpg,
7,Decantador de vino,,S/ 155.00,Nuestro hogar,https://sinenvolturas.com/_next/image?url=https%3A%2F%2Fapi.sinenvolturas.com%2Fimages%2Fgifts%2F69717f70a79ba.jpg&w=640&q=75,imagenes_regalos/regalo_007.jpg,
8,Set de Vasos Whisky x 6,,S/ 159.00,Nuestro hogar,https://sinenvolturas.com/_next/image?url=https%3A%2F%2Fapi.sinenvolturas.com%2Fimages%2Fgifts%2F69718045d87fa.jpg&w=640&q=75,imagenes_regalos/regalo_008.jpg,
9,Set de Copas de Gin x 6,,S/ 159.00,Nuestro hogar,https://sinenvolturas.com/_next/image?url=https%3A%2F%2Fapi.sinenvolturas.com%2Fimages%2Fgifts%2F697183a4c7376.jpg&w=640&q=75,imagenes_regalos/regalo_009.jpg,
10,Marco Fotos Pequeño,,S/ 160.00,Nuestro hogar,https://sinenvolturas.com/_next/image?url=https%3A%2F%2Fapi.sinenvolturas.com%2Fimages%2Fgifts%2F69717e6b0fb12.jpg&w=640&q=75,imagenes_regalos/regalo_010.jpg,
11,Set de Copas Riedel Vino Tinto x 6,,S/ 165.00,Nuestro hogar,https://sinenvolturas.com/_next/image?url=https%3A%2F%2Fapi.sinenvolturas.com%2Fimages%2Fgifts%2F6971838fec0e3.jpg&w=640&q=75,imagenes_regalos/regalo_011.jpg,
12,Set de Copas Riedel Vino Blanco x 6,,S/ 165.00,Nuestro hogar,https://sinenvolturas.com/_next/image?url=https%3A%2F%2Fapi.sinenvolturas.com%2Fimages%2Fgifts%2F69718424b2147.jpg&w=640&q=75,imagenes_regalos/regalo_012.jpg,
13,Almohadas Viscoelastic,,S/ 170.00,Nuestro hogar,https://sinenvolturas.com/_next/image?url=https%3A%2F%2Fapi.sinenvolturas.com%2Fimages%2Fgifts%2F69718aff48bbf.jpg&w=640&q=75,imagenes_regalos/regalo_013.jpg,
14,Set de copas cerveza x 6,,S/ 176.00,Nuestro hogar,https://sinenvolturas.com/_next/image?url=https%3A%2F%2Fapi.sinenvolturas.com%2Fimages%2Fgifts%2F697183c0c1a77.jpg&w=640&q=75,imagenes_regalos/regalo_014.jpg,
15,Juego de Toallas,,S/ 176.00,Nuestro hogar,https://sinenvolturas.com/_next/image?url=https%3A%2F%2Fapi.sinenvolturas.com%2Fimages%2Fgifts%2F69725a605c90a.png&w=640&q=75,imagenes_regalos/regalo_015.jpg,
16,Coctelera y utensilios bar,,S/ 179.00,Nuestro hogar,https://sinenvolturas.com/_next/image?url=https%3A%2F%2Fapi.sinenvolturas.com%2Fimages%2Fgifts%2F6971802eeee5f.jpg&w=640&q=75,imagenes_regalos/regalo_016.jpg,
17,Plancha,,S/ 180.00,Nuestro hogar,https://sinenvolturas.com/_next/image?url=https%3A%2F%2Fapi.sinenvolturas.com%2Fimages%2Fgifts%2F69717c26adf16.jpg&w=640&q=75,imagenes_regalos/regalo_017.jpg,
18,Set Vasos Moscow Mule x 4,,S/ 180.00,Nuestro hogar,https://sinenvolturas.com/_next/image?url=https%3A%2F%2Fapi.sinenvolturas.com%2Fimages%2Fgifts%2F6971806b44102.jpg&w=640&q=75,imagenes_regalos/regalo_018.jpg,
19,Juego de botellas decorativas,,S/ 185.00,Nuestro hogar,https://sinenvolturas.com/_next/image?url=https%3A%2F%2Fapi.sinenvolturas.com%2Fimages%2Fgifts%2F69725ad131ed5.jpg&w=640&q=75,imagenes_regalos/regalo_019.jpg,
20,Set de Vasos Largos x 10,,S/ 190.00,Nuestro hogar,https://sinenvolturas.com/_next/image?url=https%3A%2F%2Fapi.sinenvolturas.com%2Fimages%2Fgifts%2F69717f48b2e12.jpg&w=640&q=75,imagenes_regalos/regalo_020.jpg,
21,Mesa Lateral,,S/ 190.00,Nuestro hogar,https://sinenvolturas.com/_next/image?url=https%3A%2F%2Fapi.sinenvolturas.com%2Fimages%2Fgifts%2F697295bdea514.jpg&w=640&q=75,imagenes_regalos/regalo_021.jpg,
22,Florero pequeño Marcelo Wong,,S/ 195.00,Nuestro hogar,https://sinenvolturas.com/_next/image?url=https%3A%2F%2Fapi.sinenvolturas.com%2Fapi-images%2Fgifts%2F3hU8rHU2naA6USRVsq258RIOPKVpWqKJj7XgR9rY.jpg&w=640&q=75,imagenes_regalos/regalo_022.jpg,
23,Molde de keke Nordic Ware,,S/ 199.00,Nuestro hogar,https://sinenvolturas.com/_next/image?url=https%3A%2F%2Fapi.sinenvolturas.com%2Fapi-images%2Fgifts%2FuvafPVCHg0f7fwjXV6TWdXAlbUDiwkaCF0XCUAGT.jpg&w=640&q=75,imagenes_regalos/regalo_023.jpg,
24,Molde de keke Nordic Ware,,S/ 199.00,Nuestro hogar,https://sinenvolturas.com/_next/image?url=https%3A%2F%2Fapi.sinenvolturas.com%2Fapi-images%2Fgifts%2FhSByKzTDXiBYTR8PlKIsBXXavxYUObuPaWNw1Qdg.jpg&w=640&q=75,imagenes_regalos/regalo_024.jpg,
25,Mortero de mármol,,S/ 199.00,Nuestro hogar,https://sinenvolturas.com/_next/image?url=https%3A%2F%2Fapi.sinenvolturas.com%2Fapi-images%2Fgifts%2FwzGG9yeor0hhIEt7gi6TthG5q3tXslDzHdieJMro.jpg&w=640&q=75,imagenes_regalos/regalo_025.jpg,
26,Crepera,,S/ 199.00,Nuestro hogar,https://sinenvolturas.com/_next/image?url=https%3A%2F%2Fapi.sinenvolturas.com%2Fapi-images%2Fgifts%2FfkPSZcmIRsU4jzNzkUAAM2uFq1hqXRQYRTI936zw.jpg&w=640&q=75,imagenes_regalos/regalo_026.jpg,
27,Molde Nordic Ware,,S/ 199.00,Nuestro hogar,https://sinenvolturas.com/_next/image?url=https%3A%2F%2Fapi.sinenvolturas.com%2Fapi-images%2Fgifts%2F5IWh92g2Kt2uqHCiITaQ9OBxgkDDe25Yrx4Phpqi.jpg&w=640&q=75,imagenes_regalos/regalo_027.jpg,
28,Tostador,,S/ 200.00,Nuestro hogar,https://sinenvolturas.com/_next/image?url=https%3A%2F%2Fapi.sinenvolturas.com%2Fimages%2Fgifts%2F696ede0ad0fc8.jpg&w=640&q=75,imagenes_regalos/regalo_028.jpg,
29,Juego de vajilla blanca,,S/ 200.00,Nuestro hogar,https://sinenvolturas.com/_next/image?url=https%3A%2F%2Fapi.sinenvolturas.com%2Fapi-images%2Fgifts%2FZsHlGdLFptQTr6BkT9SRSc3udfONw9GmCeY1itk8.jpg&w=640&q=75,imagenes_regalos/regalo_029.jpg,
30,Hervidor de huevos,,S/ 209.00,Nuestro hogar,https://sinenvolturas.com/_next/image?url=https%3A%2F%2Fapi.sinenvolturas.com%2Fapi-images%2Fgifts%2FEhxuWE6uL2mPxZ8hnat31dkelNqcrt9BtrQ7IZbj.jpg&w=640&q=75,imagenes_regalos/regalo_030.jpg,
31,Manta,,S/ 210.00,Nuestro hogar,https://sinenvolturas.com/_next/image?url=https%3A%2F%2Fapi.sinenvolturas.com%2Fimages%2Fgifts%2F69717ef9ded02.jpg&w=640&q=75,imagenes_regalos/regalo_031.jpg,
32,Batas,,S/ 220.00,Nuestro hogar,https://sinenvolturas.com/_next/image?url=https%3A%2F%2Fapi.sinenvolturas.com%2Fimages%2Fgifts%2F69717e9966436.jpg&w=640&q=75,imagenes_regalos/regalo_032.jpg,
33,Waflera Doble Línea,,S/ 229.00,Nuestro hogar,https://sinenvolturas.com/_next/image?url=https%3A%2F%2Fapi.sinenvolturas.com%2Fapi-images%2Fgifts%2FLFoHNP0CYjIFpiARNZGIbahAkTGWJTHkX9HzrfoY.jpg&w=640&q=75,imagenes_regalos/regalo_033.jpg,
34,Cubrecama Doble,,S/ 230.00,Nuestro hogar,https://sinenvolturas.com/_next/image?url=https%3A%2F%2Fapi.sinenvolturas.com%2Fimages%2Fgifts%2F69718ae948384.jpg&w=640&q=75,imagenes_regalos/regalo_034.jpg,
35,Bed Topper Microfibra,,S/ 240.00,Nuestro hogar,https://sinenvolturas.com/_next/image?url=https%3A%2F%2Fapi.sinenvolturas.com%2Fimages%2Fgifts%2F69718ac997b98.jpg&w=640&q=75,imagenes_regalos/regalo_035.jpg,
36,Ventilador de torre,,S/ 249.00,Nuestro hogar,https://sinenvolturas.com/_next/image?url=https%3A%2F%2Fapi.sinenvolturas.com%2Fapi-images%2Fgifts%2FunlCCcNkBixOHN5xg7Wj8m2eqF88D4GezPK1QEAd.jpg&w=640&q=75,imagenes_regalos/regalo_036.jpg,
37,Exprimidor de jugo,,S/ 250.00,Nuestro hogar,https://sinenvolturas.com/_next/image?url=https%3A%2F%2Fapi.sinenvolturas.com%2Fimages%2Fgifts%2F695eda6d4ef6b.jpg&w=640&q=75,imagenes_regalos/regalo_037.jpg,
38,Plancha a vapor,,S/ 250.00,Nuestro hogar,https://sinenvolturas.com/_next/image?url=https%3A%2F%2Fapi.sinenvolturas.com%2Fimages%2Fgifts%2F695eda93770ed.jpg&w=640&q=75,imagenes_regalos/regalo_038.jpg,
39,Wine holder Marcelo Wong,,S/ 250.00,Nuestro hogar,https://sinenvolturas.com/_next/image?url=https%3A%2F%2Fapi.sinenvolturas.com%2Fapi-images%2Fgifts%2FhDj3IheLLqHoh8nzZqXVNUvp65m9RYSzPMc07Gq5.jpg&w=640&q=75,imagenes_regalos/regalo_039.jpg,
40,Picatodo KitchenAid,,S/ 265.00,Nuestro hogar,https://sinenvolturas.com/_next/image?url=https%3A%2F%2Fapi.sinenvolturas.com%2Fapi-images%2Fgifts%2Fif6fSJAaWRyXVoAvVPgbEYNLykGXJzitOjVTgzuL.jpg&w=640&q=75,imagenes_regalos/regalo_040.jpg,
41,Extractor jugos,,S/ 290.00,Nuestro hogar,https://sinenvolturas.com/_next/image?url=https%3A%2F%2Fapi.sinenvolturas.com%2Fimages%2Fgifts%2F696ede47508e0.jpg&w=640&q=75,imagenes_regalos/regalo_041.jpg,
42,Escultura Marcelo Wong,,S/ 320.00,Nuestro hogar,https://sinenvolturas.com/_next/image?url=https%3A%2F%2Fapi.sinenvolturas.com%2Fapi-images%2Fgifts%2FOmYWRLCJXeDZXbAaRcPlt82x80M7F0tcJjfjlO9Q.jpg&w=640&q=75,imagenes_regalos/regalo_042.jpg,
43,Set de utensilios para parrilla,,S/ 320.00,Nuestro hogar,https://sinenvolturas.com/_next/image?url=https%3A%2F%2Fapi.sinenvolturas.com%2Fapi-images%2Fgifts%2FoqiIaRorCV3bHR4OrQWq05lY0NKnac4mCJHF0jxZ.jpg&w=640&q=75,imagenes_regalos/regalo_043.jpg,
44,Licuadora,,S/ 329.00,Nuestro hogar,https://sinenvolturas.com/_next/image?url=https%3A%2F%2Fapi.sinenvolturas.com%2Fimages%2Fgifts%2F69717c2d74e4f.jpg&w=640&q=75,imagenes_regalos/regalo_044.jpg,
45,Batidora de Inmersión,,S/ 329.00,Nuestro hogar,https://sinenvolturas.com/_next/image?url=https%3A%2F%2Fapi.sinenvolturas.com%2Fapi-images%2Fgifts%2FunPjDTYY5yLV23RTnFbop4zcDeLVQqAaH3WPsNMa.jpg&w=640&q=75,imagenes_regalos/regalo_045.jpg,
46,Escultura de marmol,,S/ 329.00,Nuestro hogar,https://sinenvolturas.com/_next/image?url=https%3A%2F%2Fapi.sinenvolturas.com%2Fapi-images%2Fgifts%2FjNcqE7l3Lwys4RLjYH37IGrWtqrWlAhOz1HPv3xP.jpg&w=640&q=75,imagenes_regalos/regalo_046.jpg,
47,Cata de vino,,S/ 340.00,Luna de Miel,https://sinenvolturas.com/_next/image?url=https%3A%2F%2Fapi.sinenvolturas.com%2Fimages%2Fgifts%2F6971824ec61dc.jpg&w=640&q=75,imagenes_regalos/regalo_047.jpg,
48,Set de utensilios Cuisinart,,S/ 345.00,Nuestro hogar,https://sinenvolturas.com/_next/image?url=https%3A%2F%2Fapi.sinenvolturas.com%2Fapi-images%2Fgifts%2FCioi1WmOfE4Zj5cDqkpy8Zb88NY8niZ5LVv2fb0Z.jpg&w=640&q=75,imagenes_regalos/regalo_048.jpg,
49,Molinillo de café Delonghi,,S/ 349.00,Nuestro hogar,https://sinenvolturas.com/_next/image?url=https%3A%2F%2Fapi.sinenvolturas.com%2Fapi-images%2Fgifts%2FjbqMXpKejqrIN3NZtAprvQwPjAXup6sJcXiZRF07.jpg&w=640&q=75,imagenes_regalos/regalo_049.jpg,
50,Bouquet & Botoniers,,S/ 350.00,El gran día,https://sinenvolturas.com/_next/image?url=https%3A%2F%2Fapi.sinenvolturas.com%2Fimages%2Fgifts%2F695ed986686c9.jpg&w=640&q=75,imagenes_regalos/regalo_050.jpg,
51,Horno eléctrico,,S/ 350.00,Nuestro hogar,https://sinenvolturas.com/_next/image?url=https%3A%2F%2Fapi.sinenvolturas.com%2Fimages%2Fgifts%2F696ede1b85e27.jpg&w=640&q=75,imagenes_regalos/regalo_051.jpg,
52,Florero Fito Espinosa,,S/ 350.00,Nuestro hogar,https://sinenvolturas.com/_next/image?url=https%3A%2F%2Fapi.sinenvolturas.com%2Fapi-images%2Fgifts%2FJXHofsNM0D2odFSehOen1X0Dy3aig4h6LNXDGWSN.jpg&w=640&q=75,imagenes_regalos/regalo_052.jpg,
53,Bowl Para Centro De Mesa,,S/ 359.00,Nuestro hogar,https://sinenvolturas.com/_next/image?url=https%3A%2F%2Fapi.sinenvolturas.com%2Fapi-images%2Fgifts%2FrkDmkRCFGVTqvdEsP84xEJXFzzwez1KbnV8uF2z7.jpg&w=640&q=75,imagenes_regalos/regalo_053.jpg,
54,Lámpara para mesa de noche,,S/ 360.00,Nuestro hogar,https://sinenvolturas.com/_next/image?url=https%3A%2F%2Fapi.sinenvolturas.com%2Fimages%2Fgifts%2F69717f10a2642.jpg&w=640&q=75,imagenes_regalos/regalo_054.jpg,
55,Rack Extensible de Platos,,S/ 379.00,Nuestro hogar,https://sinenvolturas.com/_next/image?url=https%3A%2F%2Fapi.sinenvolturas.com%2Fapi-images%2Fgifts%2FDQ7cvBuUQk8EYhbC9W2UFvefQItuKoTFTSOpWsQx.jpg&w=640&q=75,imagenes_regalos/regalo_055.jpg,
56,Estante de Madera,,S/ 380.00,Nuestro hogar,https://sinenvolturas.com/_next/image?url=https%3A%2F%2Fapi.sinenvolturas.com%2Fimages%2Fgifts%2F69725a897512e.jpg&w=640&q=75,imagenes_regalos/regalo_056.jpg,
57,Tarde de Spa,,S/ 390.00,Luna de Miel,https://sinenvolturas.com/_next/image?url=https%3A%2F%2Fapi.sinenvolturas.com%2Fimages%2Fgifts%2F6971823c85022.jpg&w=640&q=75,imagenes_regalos/regalo_057.jpg,
58,Tocado de Novia,,S/ 400.00,El gran día,https://sinenvolturas.com/_next/image?url=https%3A%2F%2Fapi.sinenvolturas.com%2Fimages%2Fgifts%2F695ed9bb958ee.jpg&w=640&q=75,imagenes_regalos/regalo_058.jpg,
59,Cena para 2,,S/ 400.00,Luna de Miel,https://sinenvolturas.com/_next/image?url=https%3A%2F%2Fapi.sinenvolturas.com%2Fimages%2Fgifts%2F696edd5f8a7e9.jpg&w=640&q=75,imagenes_regalos/regalo_059.jpg,
60,Pasajes,,S/ 400.00,Luna de Miel,https://sinenvolturas.com/_next/image?url=https%3A%2F%2Fapi.sinenvolturas.com%2Fimages%2Fgifts%2F696edd65ea5ed.jpg&w=640&q=75,imagenes_regalos/regalo_060.jpg,
61,Almuerzo para 2,,S/ 400.00,Luna de Miel,https://sinenvolturas.com/_next/image?url=https%3A%2F%2Fapi.sinenvolturas.com%2Fimages%2Fgifts%2F696edda8d4e8d.jpg&w=640&q=75,imagenes_regalos/regalo_061.jpg,
62,Freidora de aire,,S/ 400.00,Nuestro hogar,https://sinenvolturas.com/_next/image?url=https%3A%2F%2Fapi.sinenvolturas.com%2Fimages%2Fgifts%2F696ede4e51513.jpg&w=640&q=75,imagenes_regalos/regalo_062.jpg,
63,Plumón Biotermico Doble,,S/ 400.00,Nuestro hogar,https://sinenvolturas.com/_next/image?url=https%3A%2F%2Fapi.sinenvolturas.com%2Fimages%2Fgifts%2F69725aa8df19a.jpg&w=640&q=75,imagenes_regalos/regalo_063.jpg,
64,Espejo completo,,S/ 420.00,Nuestro hogar,https://sinenvolturas.com/_next/image?url=https%3A%2F%2Fapi.sinenvolturas.com%2Fapi-images%2Fgifts%2Fbmh85iTr3AubS5Cww1i4MtwXz8DlKGvfY0urv55w.jpg&w=640&q=75,imagenes_regalos/regalo_064.jpg,
65,Batidora de Mano KitchenAid,,S/ 449.00,Nuestro hogar,https://sinenvolturas.com/_next/image?url=https%3A%2F%2Fapi.sinenvolturas.com%2Fapi-images%2Fgifts%2Fvclsorqqm0OExznxqtj42Y8YWNPEvVHzdWVGcL3f.jpg&w=640&q=75,imagenes_regalos/regalo_065.jpg,
66,Cafetera francesa,,S/ 449.00,Nuestro hogar,https://sinenvolturas.com/_next/image?url=https%3A%2F%2Fapi.sinenvolturas.com%2Fapi-images%2Fgifts%2F0b5My0SrUm9mfyNPi6n1FbDxAJw15jvERdAwkGQt.jpg&w=640&q=75,imagenes_regalos/regalo_066.jpg,
67,Tour,,S/ 450.00,Luna de Miel,https://sinenvolturas.com/_next/image?url=https%3A%2F%2Fapi.sinenvolturas.com%2Fimages%2Fgifts%2F696edd8994e51.jpg&w=640&q=75,imagenes_regalos/regalo_067.jpg,
68,Hervidor KitchenAid,,S/ 469.00,Nuestro hogar,https://sinenvolturas.com/_next/image?url=https%3A%2F%2Fapi.sinenvolturas.com%2Fapi-images%2Fgifts%2FyN7LlfqOUa6BHQ7zYd74bxn6afxaAWwbYi7JBHLs.jpg&w=640&q=75,imagenes_regalos/regalo_068.jpg,
69,Deshumedecedor,,S/ 480.00,Nuestro hogar,https://sinenvolturas.com/_next/image?url=https%3A%2F%2Fapi.sinenvolturas.com%2Fimages%2Fgifts%2F695eda75cf53c.jpg&w=640&q=75,imagenes_regalos/regalo_069.jpg,
70,Grabado Marcelo Wong A4,,S/ 495.00,Nuestro hogar,https://sinenvolturas.com/_next/image?url=https%3A%2F%2Fapi.sinenvolturas.com%2Fapi-images%2Fgifts%2FNGzSo72PHc9w4DPxCtQIVD9947osXcjCcpp8dQz6.jpg&w=640&q=75,imagenes_regalos/regalo_070.jpg,
71,Set de tablas de acero Folio,,S/ 499.00,Nuestro hogar,https://sinenvolturas.com/_next/image?url=https%3A%2F%2Fapi.sinenvolturas.com%2Fapi-images%2Fgifts%2FyseZo44mNMnXlE09kMffQgp51W3OdjTNqRb89XZF.jpg&w=640&q=75,imagenes_regalos/regalo_071.jpg,
72,Entradas a parque de Disney,,S/ 500.00,Luna de Miel,https://sinenvolturas.com/_next/image?url=https%3A%2F%2Fapi.sinenvolturas.com%2Fapi-images%2Fgifts%2FtLJz7fqBi6b0N1nTxc1KYma3rN5JsSPEUfxm5BOZ.jpg&w=640&q=75,imagenes_regalos/regalo_072.jpg,
73,Aspiradora,,S/ 520.00,Nuestro hogar,https://sinenvolturas.com/_next/image?url=https%3A%2F%2Fapi.sinenvolturas.com%2Fimages%2Fgifts%2F695eda9e32c90.jpg&w=640&q=75,imagenes_regalos/regalo_073.jpg,
74,Mesa de noche,,S/ 520.00,Nuestro hogar,https://sinenvolturas.com/_next/image?url=https%3A%2F%2Fapi.sinenvolturas.com%2Fimages%2Fgifts%2F69717f272f66f.jpg&w=640&q=75,imagenes_regalos/regalo_074.jpg,
75,Marco de plata,,S/ 545.00,Nuestro hogar,https://sinenvolturas.com/_next/image?url=https%3A%2F%2Fapi.sinenvolturas.com%2Fapi-images%2Fgifts%2FgkQ5UidZICiP9SdntiOIn2iQS6pLKjRkJh4DANfw.jpg&w=640&q=75,imagenes_regalos/regalo_075.jpg,
76,Frigobar,,S/ 550.00,Nuestro hogar,https://sinenvolturas.com/_next/image?url=https%3A%2F%2Fapi.sinenvolturas.com%2Fimages%2Fgifts%2F695eda89b0bd1.jpg&w=640&q=75,imagenes_regalos/regalo_076.jpg,
77,Lámpara de pie,,S/ 576.00,Nuestro hogar,https://sinenvolturas.com/_next/image?url=https%3A%2F%2Fapi.sinenvolturas.com%2Fimages%2Fgifts%2F69717e3eeff98.jpg&w=640&q=75,imagenes_regalos/regalo_077.jpg,
78,Juego de ollas de hierro fundido,,S/ 599.00,Nuestro hogar,https://sinenvolturas.com/_next/image?url=https%3A%2F%2Fapi.sinenvolturas.com%2Fapi-images%2Fgifts%2FgDMS706GV7ZKduWXlj5ldccg65gQidwmg1QSt8ag.jpg&w=640&q=75,imagenes_regalos/regalo_078.jpg,
79,zapatos de novia,,S/ 600.00,El gran día,https://sinenvolturas.com/_next/image?url=https%3A%2F%2Fapi.sinenvolturas.com%2Fimages%2Fgifts%2F695ed9f46d309.jpg&w=640&q=75,imagenes_regalos/regalo_079.jpg,
80,Procesador de alimentos,,S/ 600.00,Nuestro hogar,https://sinenvolturas.com/_next/image?url=https%3A%2F%2Fapi.sinenvolturas.com%2Fimages%2Fgifts%2F695edaade17e4.jpg&w=640&q=75,imagenes_regalos/regalo_080.jpg,
81,Sound bar,,S/ 650.00,Nuestro hogar,https://sinenvolturas.com/_next/image?url=https%3A%2F%2Fapi.sinenvolturas.com%2Fapi-images%2Fgifts%2FJ79YDEk94dcFMi4XYnPOIS75PTppAeWCsuJhZEat.jpg&w=640&q=75,imagenes_regalos/regalo_081.jpg,
82,Florero Marcelo Wong,,S/ 660.00,Nuestro hogar,https://sinenvolturas.com/_next/image?url=https%3A%2F%2Fapi.sinenvolturas.com%2Fapi-images%2Fgifts%2FYHTxgLpQvQVABKOFaveDVlAMsqffMFrHjyPQhILB.jpg&w=640&q=75,imagenes_regalos/regalo_082.jpg,
83,Juego de ollas,,S/ 700.00,Nuestro hogar,https://sinenvolturas.com/_next/image?url=https%3A%2F%2Fapi.sinenvolturas.com%2Fimages%2Fgifts%2F69717ed74c3ba.jpg&w=640&q=75,imagenes_regalos/regalo_083.jpg,
84,Grabado Marcelo Wong A3,,S/ 720.00,Nuestro hogar,https://sinenvolturas.com/_next/image?url=https%3A%2F%2Fapi.sinenvolturas.com%2Fapi-images%2Fgifts%2F3FdJIXmFikI77yMtTFSVFuBWMPIY1xuIRI8BuwLM.jpg&w=640&q=75,imagenes_regalos/regalo_084.jpg,
85,Cava de vino,,S/ 800.00,Nuestro hogar,https://sinenvolturas.com/_next/image?url=https%3A%2F%2Fapi.sinenvolturas.com%2Fimages%2Fgifts%2F69717f5d67747.jpg&w=640&q=75,imagenes_regalos/regalo_085.jpg,
86,Terno,,S/ 800.00,El gran día,https://sinenvolturas.com/_next/image?url=https%3A%2F%2Fapi.sinenvolturas.com%2Fimages%2Fgifts%2F6974c663e7b30.jpg&w=640&q=75,imagenes_regalos/regalo_086.jpg,
87,Cafetera Delonghi,,S/ 900.00,Nuestro hogar,https://sinenvolturas.com/_next/image?url=https%3A%2F%2Fapi.sinenvolturas.com%2Fapi-images%2Fgifts%2FKzaqPU9rCCjmdAnotOxfMacEIgk4jHTMPi9eBhIG.jpg&w=640&q=75,imagenes_regalos/regalo_087.jpg,
88,Grabado Marcelo Wong A2,,S/ 950.00,Nuestro hogar,https://sinenvolturas.com/_next/image?url=https%3A%2F%2Fapi.sinenvolturas.com%2Fapi-images%2Fgifts%2FzxVWG8LIdJ4M4F7C7ZZ5NfR6lzTlBkDTZuhE2pes.jpg&w=640&q=75,imagenes_regalos/regalo_088.jpg,
89,Batidora,,S/ 1200.00,Nuestro hogar,https://sinenvolturas.com/_next/image?url=https%3A%2F%2Fapi.sinenvolturas.com%2Fapi-images%2Fgifts%2FvaSEcYOcLPeiUsbUG9ViUtnuvqQwZa49AbrM1Slg.jpg&w=640&q=75,imagenes_regalos/regalo_089.jpg,
90,"Televisor 50""",,S/ 1300.00,Nuestro hogar,https://sinenvolturas.com/_next/image?url=https%3A%2F%2Fapi.sinenvolturas.com%2Fapi-images%2Fgifts%2FkLeC62cObq7XarmOaCfFjiOPhOOwL89kXEv0nXxt.jpg&w=640&q=75,imagenes_regalos/regalo_090.jpg,
91,Alfombra Comedor,,S/ 1400.00,Nuestro hogar,https://sinenvolturas.com/_next/image?url=https%3A%2F%2Fapi.sinenvolturas.com%2Fimages%2Fgifts%2F6972961ca2fac.jpg&w=640&q=75,imagenes_regalos/regalo_091.jpg,
92,Alfombra Sala,,S/ 2500.00,Nuestro hogar,https://sinenvolturas.com/_next/image?url=https%3A%2F%2Fapi.sinenvolturas.com%2Fimages%2Fgifts%2F69725af707198.jpg&w=640&q=75,imagenes_regalos/regalo_092.jpg,
93,Centro de Lavado,,S/ 3000.00,Nuestro hogar,https://sinenvolturas.com/_next/image?url=https%3A%2F%2Fapi.sinenvolturas.com%2Fimages%2Fgifts%2F695eda8014135.jpg&w=640&q=75,imagenes_regalos/regalo_093.jpg,
